row_idx,sample_id,domain,winner,predicted_winner,error_category,qid,answer_a,answer_b,supports,supports_gold,dimension,sub_aspect,question_text
0,35b1aab7c05abece_219db1a6e5e75588,general,B,Tie,tie,1,yes,no,A,False,clarity_and_communication,Coherence,"Can the response be read from start to finish without encountering statements that contradict each other, sections that seem out of place, or transitions that break the logical flow?"
1,d4a7145ccb33a856_62ea14dc8ae045b1,general,B,Tie,tie,1,yes,no,A,False,clarity_and_communication,Coherence,"Can the response be read from start to finish without encountering statements that contradict each other, sections that seem out of place, or transitions that break the logical flow?"
2,8a3a617f6e0858c4_42879c00f85043d6,general,A,B,wrong_winner,1,no,yes,B,False,clarity_and_communication,Coherence,"Can the response be read from start to finish without encountering statements that contradict each other, sections that seem out of place, or transitions that break the logical flow?"
2,8a3a617f6e0858c4_42879c00f85043d6,general,A,B,wrong_winner,3,no,yes,B,False,clarity_and_communication,Explanation Sufficiency,Does the response present enough detail to be useful without overexplaining straightforward points?
2,8a3a617f6e0858c4_42879c00f85043d6,general,A,B,wrong_winner,4,no,yes,B,False,clarity_and_communication,Information Efficiency,"Does the response convey its content without unnecessary repetition, filler, or tangential material that dilutes the useful information?"
2,8a3a617f6e0858c4_42879c00f85043d6,general,A,B,wrong_winner,5,no,yes,B,False,clarity_and_communication,Information Efficiency,Does the response stay focused on the user's request rather than spending space on loosely related background or side points?
2,8a3a617f6e0858c4_42879c00f85043d6,general,A,B,wrong_winner,6,no,yes,B,False,clarity_and_communication,Information Efficiency,Does the response minimize boilerplate phrasing or generic disclaimers that do not add meaningful value to the answer?
2,8a3a617f6e0858c4_42879c00f85043d6,general,A,B,wrong_winner,8,no,yes,B,False,clarity_and_communication,Structural Effectiveness,"Are distinct parts of the response separated in a way that makes different ideas, steps, or sections easy to distinguish and follow?"
2,8a3a617f6e0858c4_42879c00f85043d6,general,A,B,wrong_winner,12,no,yes,B,False,coding_communication_conditional,Code Accuracy,"When code is provided, does it avoid placeholder or pseudo-code fragments that would prevent the user from running or applying it as written?"
2,8a3a617f6e0858c4_42879c00f85043d6,general,A,B,wrong_winner,13,no,yes,B,False,coding_communication_conditional,Code Context Integration,"Does the response present the code as part of solving the user's specific request, rather than as a generic example that could apply to many unrelated tasks?"
2,8a3a617f6e0858c4_42879c00f85043d6,general,A,B,wrong_winner,14,no,yes,B,False,coding_communication_conditional,Code Context Integration,Does the response connect the code to the surrounding explanation so the user can see what role the snippet plays in the overall solution?
2,8a3a617f6e0858c4_42879c00f85043d6,general,A,B,wrong_winner,15,no,yes,B,False,coding_communication_conditional,Code Context Integration,"If assumptions are required, are they consistent with the user's described situation?"
2,8a3a617f6e0858c4_42879c00f85043d6,general,A,B,wrong_winner,16,no,yes,B,False,coding_communication_conditional,Code Explainability,"Does the response clarify any non-obvious parts of the code, such as key functions, parameters, or control flow, so the user can follow the logic?"
2,8a3a617f6e0858c4_42879c00f85043d6,general,A,B,wrong_winner,17,no,na,A_nonNA,True,coding_communication_conditional,Code Explainability,Does the response give enough explanation for the user to understand how to use or adapt the code correctly in their situation?
2,8a3a617f6e0858c4_42879c00f85043d6,general,A,B,wrong_winner,18,no,na,A_nonNA,True,coding_communication_conditional,Code Explainability,Does the response explain what the provided code is doing at a high level so the user can connect it to the task?
2,8a3a617f6e0858c4_42879c00f85043d6,general,A,B,wrong_winner,19,no,yes,B,False,coding_communication_conditional,Code Readability,Does the code use clear naming and consistent formatting so that its structure is easy to follow?
2,8a3a617f6e0858c4_42879c00f85043d6,general,A,B,wrong_winner,20,no,yes,B,False,coding_communication_conditional,Code Readability,Is the code organized into logical blocks or units that are easy to follow?
2,8a3a617f6e0858c4_42879c00f85043d6,general,A,B,wrong_winner,21,no,yes,B,False,correctness_and_completeness,Coverage Adequacy,Does the response address all the main aspects of the user's question without omitting key information that the user would need to consider the answer complete?
2,8a3a617f6e0858c4_42879c00f85043d6,general,A,B,wrong_winner,24,no,yes,B,False,correctness_and_completeness,Coverage Adequacy,"Does the response avoid leaving out important conditions, exceptions, or limitations that are central to the question?"
2,8a3a617f6e0858c4_42879c00f85043d6,general,A,B,wrong_winner,25,no,yes,B,False,correctness_and_completeness,Coverage Adequacy,Is the level of detail sufficient to make the answer usable rather than merely partial or skeletal?
2,8a3a617f6e0858c4_42879c00f85043d6,general,A,B,wrong_winner,26,no,yes,B,False,correctness_and_completeness,Coverage Adequacy,"When context provided by the user raises important relevant points, does the response address those points rather than ignoring them?"
2,8a3a617f6e0858c4_42879c00f85043d6,general,A,B,wrong_winner,31,no,yes,B,False,correctness_and_completeness,Factual Accuracy,Does the response avoid overclaiming certainty on points that are actually unsupported or unknown?
2,8a3a617f6e0858c4_42879c00f85043d6,general,A,B,wrong_winner,33,no,yes,B,False,correctness_and_completeness,Logical Consistency,Does the conclusion follow logically from the reasoning presented earlier in the response?
2,8a3a617f6e0858c4_42879c00f85043d6,general,A,B,wrong_winner,36,no,yes,B,False,helpfulness_and_usefulness,Contextual Precision,Does the response incorporate details explicitly provided by the user to make its guidance more relevant to the user's stated goal or problem?
2,8a3a617f6e0858c4_42879c00f85043d6,general,A,B,wrong_winner,37,no,yes,B,False,helpfulness_and_usefulness,Contextual Precision,Does the response adjust its level of explanation or terminology to fit the user's apparent background or requested level of expertise?
2,8a3a617f6e0858c4_42879c00f85043d6,general,A,B,wrong_winner,38,no,yes,B,False,helpfulness_and_usefulness,Contextual Precision,Does the response avoid assumptions that conflict with information the user already provided?
2,8a3a617f6e0858c4_42879c00f85043d6,general,A,B,wrong_winner,39,no,yes,B,False,helpfulness_and_usefulness,Depth of Guidance,"Does the response go beyond stating what to do and explain why, providing reasoning, trade-offs, or context that helps the user make informed decisions?"
2,8a3a617f6e0858c4_42879c00f85043d6,general,A,B,wrong_winner,40,no,yes,B,False,helpfulness_and_usefulness,Depth of Guidance,Does the response include enough underlying reasoning to help the user adapt the advice to a similar but not identical situation?
2,8a3a617f6e0858c4_42879c00f85043d6,general,A,B,wrong_winner,41,no,yes,B,False,helpfulness_and_usefulness,Depth of Guidance,Does the response explain the consequences or implications of following the advice?
2,8a3a617f6e0858c4_42879c00f85043d6,general,A,B,wrong_winner,42,no,yes,B,False,helpfulness_and_usefulness,Depth of Guidance,Does the response describe relevant trade-offs or limitations of the suggested approach that would affect the user's decision-making?
2,8a3a617f6e0858c4_42879c00f85043d6,general,A,B,wrong_winner,43,no,yes,B,False,helpfulness_and_usefulness,Practical Usability,"Does the response give the user enough concrete information to act on the answer or understand the topic, rather than providing only vague or abstract guidance?"
2,8a3a617f6e0858c4_42879c00f85043d6,general,A,B,wrong_winner,44,no,yes,B,False,helpfulness_and_usefulness,Practical Usability,"Does the response include specific steps, methods, or procedures that the user could directly follow or apply?"
2,8a3a617f6e0858c4_42879c00f85043d6,general,A,B,wrong_winner,45,no,yes,B,False,helpfulness_and_usefulness,Practical Usability,"Does the response provide concrete details such as examples, parameters, or decision criteria that make the guidance usable rather than generic?"
2,8a3a617f6e0858c4_42879c00f85043d6,general,A,B,wrong_winner,50,no,yes,B,False,helpfulness_and_usefulness,Relevance to User,Does the response prioritize information that directly addresses the user's stated goal or problem?
2,8a3a617f6e0858c4_42879c00f85043d6,general,A,B,wrong_winner,51,no,yes,B,False,helpfulness_and_usefulness,Relevance to User,Does the response avoid spending substantial space on background or side information that does not help answer the user's specific request?
3,3c0c5c0e7a75acf7_99cf64ff453a8994,code,A,B,wrong_winner,1,no,yes,B,False,clarity_and_communication,Coherence,"Can the response be read from start to finish without encountering statements that contradict each other, sections that seem out of place, or transitions that break the logical flow?"
3,3c0c5c0e7a75acf7_99cf64ff453a8994,code,A,B,wrong_winner,2,no,yes,B,False,clarity_and_communication,Explanation Sufficiency,Does the response provide enough explanation for the user to act on the answer without leaving important points implicit?
3,3c0c5c0e7a75acf7_99cf64ff453a8994,code,A,B,wrong_winner,3,no,yes,B,False,clarity_and_communication,Explanation Sufficiency,Does the response present enough detail to be useful without overexplaining straightforward points?
3,3c0c5c0e7a75acf7_99cf64ff453a8994,code,A,B,wrong_winner,4,no,yes,B,False,clarity_and_communication,Information Efficiency,"Does the response convey its content without unnecessary repetition, filler, or tangential material that dilutes the useful information?"
3,3c0c5c0e7a75acf7_99cf64ff453a8994,code,A,B,wrong_winner,5,no,yes,B,False,clarity_and_communication,Information Efficiency,Does the response stay focused on the user's request rather than spending space on loosely related background or side points?
3,3c0c5c0e7a75acf7_99cf64ff453a8994,code,A,B,wrong_winner,6,no,yes,B,False,clarity_and_communication,Information Efficiency,Does the response minimize boilerplate phrasing or generic disclaimers that do not add meaningful value to the answer?
3,3c0c5c0e7a75acf7_99cf64ff453a8994,code,A,B,wrong_winner,7,no,yes,B,False,clarity_and_communication,Structural Effectiveness,"Are headings, labels, or other structural cues used effectively when they would improve navigation?"
3,3c0c5c0e7a75acf7_99cf64ff453a8994,code,A,B,wrong_winner,8,no,yes,B,False,clarity_and_communication,Structural Effectiveness,"Are distinct parts of the response separated in a way that makes different ideas, steps, or sections easy to distinguish and follow?"
3,3c0c5c0e7a75acf7_99cf64ff453a8994,code,A,B,wrong_winner,10,no,yes,B,False,coding_communication_conditional,Code Accuracy,"For any included code, are the commands, syntax, and APIs used in a way that is valid for the stated programming language or environment?"
3,3c0c5c0e7a75acf7_99cf64ff453a8994,code,A,B,wrong_winner,13,no,yes,B,False,coding_communication_conditional,Code Context Integration,"Does the response present the code as part of solving the user's specific request, rather than as a generic example that could apply to many unrelated tasks?"
3,3c0c5c0e7a75acf7_99cf64ff453a8994,code,A,B,wrong_winner,14,no,yes,B,False,coding_communication_conditional,Code Context Integration,Does the response connect the code to the surrounding explanation so the user can see what role the snippet plays in the overall solution?
3,3c0c5c0e7a75acf7_99cf64ff453a8994,code,A,B,wrong_winner,15,no,yes,B,False,coding_communication_conditional,Code Context Integration,"If assumptions are required, are they consistent with the user's described situation?"
3,3c0c5c0e7a75acf7_99cf64ff453a8994,code,A,B,wrong_winner,17,no,yes,B,False,coding_communication_conditional,Code Explainability,Does the response give enough explanation for the user to understand how to use or adapt the code correctly in their situation?
3,3c0c5c0e7a75acf7_99cf64ff453a8994,code,A,B,wrong_winner,18,no,yes,B,False,coding_communication_conditional,Code Explainability,Does the response explain what the provided code is doing at a high level so the user can connect it to the task?
3,3c0c5c0e7a75acf7_99cf64ff453a8994,code,A,B,wrong_winner,19,no,yes,B,False,coding_communication_conditional,Code Readability,Does the code use clear naming and consistent formatting so that its structure is easy to follow?
3,3c0c5c0e7a75acf7_99cf64ff453a8994,code,A,B,wrong_winner,20,no,yes,B,False,coding_communication_conditional,Code Readability,Is the code organized into logical blocks or units that are easy to follow?
3,3c0c5c0e7a75acf7_99cf64ff453a8994,code,A,B,wrong_winner,21,no,yes,B,False,correctness_and_completeness,Coverage Adequacy,Does the response address all the main aspects of the user's question without omitting key information that the user would need to consider the answer complete?
3,3c0c5c0e7a75acf7_99cf64ff453a8994,code,A,B,wrong_winner,22,no,yes,B,False,correctness_and_completeness,Coverage Adequacy,Does the response include the essential details or qualifiers needed for the answer to be usable without leaving major gaps?
3,3c0c5c0e7a75acf7_99cf64ff453a8994,code,A,B,wrong_winner,23,no,yes,B,False,correctness_and_completeness,Coverage Adequacy,Does the response resolve the user's central question fully enough that no obvious follow-up is needed to obtain the basic requested information?
3,3c0c5c0e7a75acf7_99cf64ff453a8994,code,A,B,wrong_winner,25,no,yes,B,False,correctness_and_completeness,Coverage Adequacy,Is the level of detail sufficient to make the answer usable rather than merely partial or skeletal?
3,3c0c5c0e7a75acf7_99cf64ff453a8994,code,A,B,wrong_winner,26,no,na,A_nonNA,True,correctness_and_completeness,Coverage Adequacy,"When context provided by the user raises important relevant points, does the response address those points rather than ignoring them?"
3,3c0c5c0e7a75acf7_99cf64ff453a8994,code,A,B,wrong_winner,27,no,yes,B,False,correctness_and_completeness,Factual Accuracy,Are the factual claims in the response accurate and free from errors that would mislead the user or undermine the usefulness of the answer?
3,3c0c5c0e7a75acf7_99cf64ff453a8994,code,A,B,wrong_winner,28,no,yes,B,False,correctness_and_completeness,Factual Accuracy,Does the response avoid making unsupported factual assertions or presenting speculation as established fact?
3,3c0c5c0e7a75acf7_99cf64ff453a8994,code,A,B,wrong_winner,29,no,yes,B,False,correctness_and_completeness,Factual Accuracy,"If the response explains a process, mechanism, or causal relationship, is that explanation factually sound?"
3,3c0c5c0e7a75acf7_99cf64ff453a8994,code,A,B,wrong_winner,30,no,yes,B,False,correctness_and_completeness,Factual Accuracy,"When the prompt depends on domain knowledge, does the response apply that knowledge accurately without introducing factual misconceptions?"
3,3c0c5c0e7a75acf7_99cf64ff453a8994,code,A,B,wrong_winner,31,no,yes,B,False,correctness_and_completeness,Factual Accuracy,Does the response avoid overclaiming certainty on points that are actually unsupported or unknown?
3,3c0c5c0e7a75acf7_99cf64ff453a8994,code,A,B,wrong_winner,32,no,yes,B,False,correctness_and_completeness,Logical Consistency,"Does the response avoid contradicting itself across different parts of the answer, so that its claims, recommendations, and reasoning form a coherent whole?"
3,3c0c5c0e7a75acf7_99cf64ff453a8994,code,A,B,wrong_winner,33,no,yes,B,False,correctness_and_completeness,Logical Consistency,Does the conclusion follow logically from the reasoning presented earlier in the response?
3,3c0c5c0e7a75acf7_99cf64ff453a8994,code,A,B,wrong_winner,34,no,yes,B,False,correctness_and_completeness,Logical Consistency,Does the response avoid switching positions on the same issue without explanation?
3,3c0c5c0e7a75acf7_99cf64ff453a8994,code,A,B,wrong_winner,37,no,yes,B,False,helpfulness_and_usefulness,Contextual Precision,Does the response adjust its level of explanation or terminology to fit the user's apparent background or requested level of expertise?
3,3c0c5c0e7a75acf7_99cf64ff453a8994,code,A,B,wrong_winner,38,no,yes,B,False,helpfulness_and_usefulness,Contextual Precision,Does the response avoid assumptions that conflict with information the user already provided?
3,3c0c5c0e7a75acf7_99cf64ff453a8994,code,A,B,wrong_winner,43,no,yes,B,False,helpfulness_and_usefulness,Practical Usability,"Does the response give the user enough concrete information to act on the answer or understand the topic, rather than providing only vague or abstract guidance?"
3,3c0c5c0e7a75acf7_99cf64ff453a8994,code,A,B,wrong_winner,44,no,yes,B,False,helpfulness_and_usefulness,Practical Usability,"Does the response include specific steps, methods, or procedures that the user could directly follow or apply?"
3,3c0c5c0e7a75acf7_99cf64ff453a8994,code,A,B,wrong_winner,45,no,yes,B,False,helpfulness_and_usefulness,Practical Usability,"Does the response provide concrete details such as examples, parameters, or decision criteria that make the guidance usable rather than generic?"
3,3c0c5c0e7a75acf7_99cf64ff453a8994,code,A,B,wrong_winner,46,no,yes,B,False,helpfulness_and_usefulness,Practical Usability,Does the response supply enough operational detail to help the user carry out the task or make an informed choice without substantial guesswork?
3,3c0c5c0e7a75acf7_99cf64ff453a8994,code,A,B,wrong_winner,47,no,yes,B,False,helpfulness_and_usefulness,Practical Usability,"Does the response specify relevant tools, methods, inputs, or resources needed to apply the advice?"
3,3c0c5c0e7a75acf7_99cf64ff453a8994,code,A,B,wrong_winner,48,no,yes,B,False,helpfulness_and_usefulness,Practical Usability,Does the response make the next step or takeaway clear enough that the user could reasonably act on it?
3,3c0c5c0e7a75acf7_99cf64ff453a8994,code,A,B,wrong_winner,49,no,yes,B,False,helpfulness_and_usefulness,Relevance to User,"Does the response focus on what the user actually needs to know, rather than providing information that is related to the topic but not useful for their specific question?"
3,3c0c5c0e7a75acf7_99cf64ff453a8994,code,A,B,wrong_winner,50,no,yes,B,False,helpfulness_and_usefulness,Relevance to User,Does the response prioritize information that directly addresses the user's stated goal or problem?
3,3c0c5c0e7a75acf7_99cf64ff453a8994,code,A,B,wrong_winner,51,no,yes,B,False,helpfulness_and_usefulness,Relevance to User,Does the response avoid spending substantial space on background or side information that does not help answer the user's specific request?
3,3c0c5c0e7a75acf7_99cf64ff453a8994,code,A,B,wrong_winner,52,no,yes,B,False,helpfulness_and_usefulness,Relevance to User,"Does the response address the main question or request the user asked, rather than shifting to a different issue?"
3,3c0c5c0e7a75acf7_99cf64ff453a8994,code,A,B,wrong_winner,53,no,yes,B,False,helpfulness_and_usefulness,Relevance to User,Does the response avoid digressions into loosely related topics that do not help answer the user's question?
3,3c0c5c0e7a75acf7_99cf64ff453a8994,code,A,B,wrong_winner,54,no,yes,B,False,relevance_instruction_following,Task Adherence,Does the response cover each explicit request or sub-task in the user's prompt rather than answering only part of it?
3,3c0c5c0e7a75acf7_99cf64ff453a8994,code,A,B,wrong_winner,55,no,yes,B,False,relevance_instruction_following,Task Adherence,"Does the response perform the task the user actually asked for, producing the type of output requested rather than a different kind of answer?"
3,3c0c5c0e7a75acf7_99cf64ff453a8994,code,A,B,wrong_winner,56,no,yes,B,False,relevance_instruction_following,Task Adherence,"Does the response deliver the specific artifact or action the user requested, for example an explanation, summary, translation, code snippet, or list, rather than substituting a different output format?"
3,3c0c5c0e7a75acf7_99cf64ff453a8994,code,A,B,wrong_winner,57,no,yes,B,False,relevance_instruction_following,Task Adherence,"Does the response stay focused on completing the user's requested task instead of mainly offering adjacent commentary, background information, or advice?"
3,3c0c5c0e7a75acf7_99cf64ff453a8994,code,A,B,wrong_winner,59,no,na,A_nonNA,True,relevance_instruction_following,Format and Constraint Compliance,"If the user specifies constraints on the requested output, does the response carry out the task within those constraints rather than answering in a more generic way?"
3,3c0c5c0e7a75acf7_99cf64ff453a8994,code,A,B,wrong_winner,60,no,na,A_nonNA,True,relevance_instruction_following,Format and Constraint Compliance,Does the response follow the requested format or structure when one is explicitly specified?
3,3c0c5c0e7a75acf7_99cf64ff453a8994,code,A,B,wrong_winner,61,no,na,A_nonNA,True,relevance_instruction_following,Format and Constraint Compliance,"Does the response account for constraints mentioned in the prompt, such as time, budget, tools, or other limitations, when giving recommendations?"
3,3c0c5c0e7a75acf7_99cf64ff453a8994,code,A,B,wrong_winner,62,no,yes,B,False,relevance_instruction_following,Source-Grounded Transformation,"If the user requested an action on given content, does the response actually transform or use that content as requested?"
4,13fdd4041759f505_7c69eab8d97a004b,code,A,B,wrong_winner,1,no,yes,B,False,clarity_and_communication,Coherence,"Can the response be read from start to finish without encountering statements that contradict each other, sections that seem out of place, or transitions that break the logical flow?"
4,13fdd4041759f505_7c69eab8d97a004b,code,A,B,wrong_winner,2,no,yes,B,False,clarity_and_communication,Explanation Sufficiency,Does the response provide enough explanation for the user to act on the answer without leaving important points implicit?
4,13fdd4041759f505_7c69eab8d97a004b,code,A,B,wrong_winner,3,no,yes,B,False,clarity_and_communication,Explanation Sufficiency,Does the response present enough detail to be useful without overexplaining straightforward points?
4,13fdd4041759f505_7c69eab8d97a004b,code,A,B,wrong_winner,4,no,yes,B,False,clarity_and_communication,Information Efficiency,"Does the response convey its content without unnecessary repetition, filler, or tangential material that dilutes the useful information?"
4,13fdd4041759f505_7c69eab8d97a004b,code,A,B,wrong_winner,5,no,yes,B,False,clarity_and_communication,Information Efficiency,Does the response stay focused on the user's request rather than spending space on loosely related background or side points?
4,13fdd4041759f505_7c69eab8d97a004b,code,A,B,wrong_winner,6,no,yes,B,False,clarity_and_communication,Information Efficiency,Does the response minimize boilerplate phrasing or generic disclaimers that do not add meaningful value to the answer?
4,13fdd4041759f505_7c69eab8d97a004b,code,A,B,wrong_winner,8,no,yes,B,False,clarity_and_communication,Structural Effectiveness,"Are distinct parts of the response separated in a way that makes different ideas, steps, or sections easy to distinguish and follow?"
4,13fdd4041759f505_7c69eab8d97a004b,code,A,B,wrong_winner,13,no,yes,B,False,coding_communication_conditional,Code Context Integration,"Does the response present the code as part of solving the user's specific request, rather than as a generic example that could apply to many unrelated tasks?"
4,13fdd4041759f505_7c69eab8d97a004b,code,A,B,wrong_winner,14,no,yes,B,False,coding_communication_conditional,Code Context Integration,Does the response connect the code to the surrounding explanation so the user can see what role the snippet plays in the overall solution?
4,13fdd4041759f505_7c69eab8d97a004b,code,A,B,wrong_winner,15,no,yes,B,False,coding_communication_conditional,Code Context Integration,"If assumptions are required, are they consistent with the user's described situation?"
4,13fdd4041759f505_7c69eab8d97a004b,code,A,B,wrong_winner,16,no,yes,B,False,coding_communication_conditional,Code Explainability,"Does the response clarify any non-obvious parts of the code, such as key functions, parameters, or control flow, so the user can follow the logic?"
4,13fdd4041759f505_7c69eab8d97a004b,code,A,B,wrong_winner,17,no,yes,B,False,coding_communication_conditional,Code Explainability,Does the response give enough explanation for the user to understand how to use or adapt the code correctly in their situation?
4,13fdd4041759f505_7c69eab8d97a004b,code,A,B,wrong_winner,18,no,yes,B,False,coding_communication_conditional,Code Explainability,Does the response explain what the provided code is doing at a high level so the user can connect it to the task?
4,13fdd4041759f505_7c69eab8d97a004b,code,A,B,wrong_winner,19,no,yes,B,False,coding_communication_conditional,Code Readability,Does the code use clear naming and consistent formatting so that its structure is easy to follow?
4,13fdd4041759f505_7c69eab8d97a004b,code,A,B,wrong_winner,20,no,yes,B,False,coding_communication_conditional,Code Readability,Is the code organized into logical blocks or units that are easy to follow?
4,13fdd4041759f505_7c69eab8d97a004b,code,A,B,wrong_winner,21,no,yes,B,False,correctness_and_completeness,Coverage Adequacy,Does the response address all the main aspects of the user's question without omitting key information that the user would need to consider the answer complete?
4,13fdd4041759f505_7c69eab8d97a004b,code,A,B,wrong_winner,22,no,yes,B,False,correctness_and_completeness,Coverage Adequacy,Does the response include the essential details or qualifiers needed for the answer to be usable without leaving major gaps?
4,13fdd4041759f505_7c69eab8d97a004b,code,A,B,wrong_winner,23,no,yes,B,False,correctness_and_completeness,Coverage Adequacy,Does the response resolve the user's central question fully enough that no obvious follow-up is needed to obtain the basic requested information?
4,13fdd4041759f505_7c69eab8d97a004b,code,A,B,wrong_winner,25,no,yes,B,False,correctness_and_completeness,Coverage Adequacy,Is the level of detail sufficient to make the answer usable rather than merely partial or skeletal?
4,13fdd4041759f505_7c69eab8d97a004b,code,A,B,wrong_winner,26,no,yes,B,False,correctness_and_completeness,Coverage Adequacy,"When context provided by the user raises important relevant points, does the response address those points rather than ignoring them?"
4,13fdd4041759f505_7c69eab8d97a004b,code,A,B,wrong_winner,35,no,yes,B,False,helpfulness_and_usefulness,Contextual Precision,"Does the response tailor its advice to the user's specific situation, constraints, or expertise level rather than providing a generic answer that could apply to anyone?"
4,13fdd4041759f505_7c69eab8d97a004b,code,A,B,wrong_winner,36,no,yes,B,False,helpfulness_and_usefulness,Contextual Precision,Does the response incorporate details explicitly provided by the user to make its guidance more relevant to the user's stated goal or problem?
4,13fdd4041759f505_7c69eab8d97a004b,code,A,B,wrong_winner,37,no,yes,B,False,helpfulness_and_usefulness,Contextual Precision,Does the response adjust its level of explanation or terminology to fit the user's apparent background or requested level of expertise?
4,13fdd4041759f505_7c69eab8d97a004b,code,A,B,wrong_winner,38,no,yes,B,False,helpfulness_and_usefulness,Contextual Precision,Does the response avoid assumptions that conflict with information the user already provided?
4,13fdd4041759f505_7c69eab8d97a004b,code,A,B,wrong_winner,39,no,yes,B,False,helpfulness_and_usefulness,Depth of Guidance,"Does the response go beyond stating what to do and explain why, providing reasoning, trade-offs, or context that helps the user make informed decisions?"
4,13fdd4041759f505_7c69eab8d97a004b,code,A,B,wrong_winner,40,no,yes,B,False,helpfulness_and_usefulness,Depth of Guidance,Does the response include enough underlying reasoning to help the user adapt the advice to a similar but not identical situation?
4,13fdd4041759f505_7c69eab8d97a004b,code,A,B,wrong_winner,41,no,yes,B,False,helpfulness_and_usefulness,Depth of Guidance,Does the response explain the consequences or implications of following the advice?
4,13fdd4041759f505_7c69eab8d97a004b,code,A,B,wrong_winner,42,no,yes,B,False,helpfulness_and_usefulness,Depth of Guidance,Does the response describe relevant trade-offs or limitations of the suggested approach that would affect the user's decision-making?
4,13fdd4041759f505_7c69eab8d97a004b,code,A,B,wrong_winner,43,no,yes,B,False,helpfulness_and_usefulness,Practical Usability,"Does the response give the user enough concrete information to act on the answer or understand the topic, rather than providing only vague or abstract guidance?"
4,13fdd4041759f505_7c69eab8d97a004b,code,A,B,wrong_winner,44,no,yes,B,False,helpfulness_and_usefulness,Practical Usability,"Does the response include specific steps, methods, or procedures that the user could directly follow or apply?"
4,13fdd4041759f505_7c69eab8d97a004b,code,A,B,wrong_winner,45,no,yes,B,False,helpfulness_and_usefulness,Practical Usability,"Does the response provide concrete details such as examples, parameters, or decision criteria that make the guidance usable rather than generic?"
4,13fdd4041759f505_7c69eab8d97a004b,code,A,B,wrong_winner,46,no,yes,B,False,helpfulness_and_usefulness,Practical Usability,Does the response supply enough operational detail to help the user carry out the task or make an informed choice without substantial guesswork?
4,13fdd4041759f505_7c69eab8d97a004b,code,A,B,wrong_winner,47,no,yes,B,False,helpfulness_and_usefulness,Practical Usability,"Does the response specify relevant tools, methods, inputs, or resources needed to apply the advice?"
4,13fdd4041759f505_7c69eab8d97a004b,code,A,B,wrong_winner,48,no,yes,B,False,helpfulness_and_usefulness,Practical Usability,Does the response make the next step or takeaway clear enough that the user could reasonably act on it?
4,13fdd4041759f505_7c69eab8d97a004b,code,A,B,wrong_winner,49,no,yes,B,False,helpfulness_and_usefulness,Relevance to User,"Does the response focus on what the user actually needs to know, rather than providing information that is related to the topic but not useful for their specific question?"
4,13fdd4041759f505_7c69eab8d97a004b,code,A,B,wrong_winner,50,no,yes,B,False,helpfulness_and_usefulness,Relevance to User,Does the response prioritize information that directly addresses the user's stated goal or problem?
4,13fdd4041759f505_7c69eab8d97a004b,code,A,B,wrong_winner,51,no,yes,B,False,helpfulness_and_usefulness,Relevance to User,Does the response avoid spending substantial space on background or side information that does not help answer the user's specific request?
4,13fdd4041759f505_7c69eab8d97a004b,code,A,B,wrong_winner,52,no,yes,B,False,helpfulness_and_usefulness,Relevance to User,"Does the response address the main question or request the user asked, rather than shifting to a different issue?"
4,13fdd4041759f505_7c69eab8d97a004b,code,A,B,wrong_winner,53,no,yes,B,False,helpfulness_and_usefulness,Relevance to User,Does the response avoid digressions into loosely related topics that do not help answer the user's question?
4,13fdd4041759f505_7c69eab8d97a004b,code,A,B,wrong_winner,54,no,yes,B,False,relevance_instruction_following,Task Adherence,Does the response cover each explicit request or sub-task in the user's prompt rather than answering only part of it?
4,13fdd4041759f505_7c69eab8d97a004b,code,A,B,wrong_winner,55,no,yes,B,False,relevance_instruction_following,Task Adherence,"Does the response perform the task the user actually asked for, producing the type of output requested rather than a different kind of answer?"
4,13fdd4041759f505_7c69eab8d97a004b,code,A,B,wrong_winner,56,no,yes,B,False,relevance_instruction_following,Task Adherence,"Does the response deliver the specific artifact or action the user requested, for example an explanation, summary, translation, code snippet, or list, rather than substituting a different output format?"
4,13fdd4041759f505_7c69eab8d97a004b,code,A,B,wrong_winner,57,no,yes,B,False,relevance_instruction_following,Task Adherence,"Does the response stay focused on completing the user's requested task instead of mainly offering adjacent commentary, background information, or advice?"
4,13fdd4041759f505_7c69eab8d97a004b,code,A,B,wrong_winner,58,no,yes,B,False,relevance_instruction_following,Task Adherence,"Does the response avoid replacing the requested answer with only meta-commentary, refusal without basis, or unrelated advice?"
4,13fdd4041759f505_7c69eab8d97a004b,code,A,B,wrong_winner,62,no,yes,B,False,relevance_instruction_following,Source-Grounded Transformation,"If the user requested an action on given content, does the response actually transform or use that content as requested?"
4,13fdd4041759f505_7c69eab8d97a004b,code,A,B,wrong_winner,63,no,yes,B,False,relevance_instruction_following,Source-Grounded Transformation,Does the response incorporate details explicitly provided by the user to make its guidance more relevant to the user's stated goal or problem?
5,531aeab6a696bfe3_6e14911868d90924,code,A,B,wrong_winner,1,no,yes,B,False,clarity_and_communication,Coherence,"Can the response be read from start to finish without encountering statements that contradict each other, sections that seem out of place, or transitions that break the logical flow?"
5,531aeab6a696bfe3_6e14911868d90924,code,A,B,wrong_winner,2,no,yes,B,False,clarity_and_communication,Explanation Sufficiency,Does the response provide enough explanation for the user to act on the answer without leaving important points implicit?
5,531aeab6a696bfe3_6e14911868d90924,code,A,B,wrong_winner,3,no,yes,B,False,clarity_and_communication,Explanation Sufficiency,Does the response present enough detail to be useful without overexplaining straightforward points?
5,531aeab6a696bfe3_6e14911868d90924,code,A,B,wrong_winner,4,no,yes,B,False,clarity_and_communication,Information Efficiency,"Does the response convey its content without unnecessary repetition, filler, or tangential material that dilutes the useful information?"
5,531aeab6a696bfe3_6e14911868d90924,code,A,B,wrong_winner,5,no,yes,B,False,clarity_and_communication,Information Efficiency,Does the response stay focused on the user's request rather than spending space on loosely related background or side points?
5,531aeab6a696bfe3_6e14911868d90924,code,A,B,wrong_winner,6,no,yes,B,False,clarity_and_communication,Information Efficiency,Does the response minimize boilerplate phrasing or generic disclaimers that do not add meaningful value to the answer?
5,531aeab6a696bfe3_6e14911868d90924,code,A,B,wrong_winner,8,no,yes,B,False,clarity_and_communication,Structural Effectiveness,"Are distinct parts of the response separated in a way that makes different ideas, steps, or sections easy to distinguish and follow?"
5,531aeab6a696bfe3_6e14911868d90924,code,A,B,wrong_winner,13,no,yes,B,False,coding_communication_conditional,Code Context Integration,"Does the response present the code as part of solving the user's specific request, rather than as a generic example that could apply to many unrelated tasks?"
5,531aeab6a696bfe3_6e14911868d90924,code,A,B,wrong_winner,14,no,yes,B,False,coding_communication_conditional,Code Context Integration,Does the response connect the code to the surrounding explanation so the user can see what role the snippet plays in the overall solution?
5,531aeab6a696bfe3_6e14911868d90924,code,A,B,wrong_winner,15,na,yes,B,False,coding_communication_conditional,Code Context Integration,"If assumptions are required, are they consistent with the user's described situation?"
5,531aeab6a696bfe3_6e14911868d90924,code,A,B,wrong_winner,16,no,yes,B,False,coding_communication_conditional,Code Explainability,"Does the response clarify any non-obvious parts of the code, such as key functions, parameters, or control flow, so the user can follow the logic?"
5,531aeab6a696bfe3_6e14911868d90924,code,A,B,wrong_winner,17,no,yes,B,False,coding_communication_conditional,Code Explainability,Does the response give enough explanation for the user to understand how to use or adapt the code correctly in their situation?
5,531aeab6a696bfe3_6e14911868d90924,code,A,B,wrong_winner,18,no,yes,B,False,coding_communication_conditional,Code Explainability,Does the response explain what the provided code is doing at a high level so the user can connect it to the task?
5,531aeab6a696bfe3_6e14911868d90924,code,A,B,wrong_winner,19,no,yes,B,False,coding_communication_conditional,Code Readability,Does the code use clear naming and consistent formatting so that its structure is easy to follow?
5,531aeab6a696bfe3_6e14911868d90924,code,A,B,wrong_winner,20,no,yes,B,False,coding_communication_conditional,Code Readability,Is the code organized into logical blocks or units that are easy to follow?
5,531aeab6a696bfe3_6e14911868d90924,code,A,B,wrong_winner,21,no,yes,B,False,correctness_and_completeness,Coverage Adequacy,Does the response address all the main aspects of the user's question without omitting key information that the user would need to consider the answer complete?
5,531aeab6a696bfe3_6e14911868d90924,code,A,B,wrong_winner,22,no,yes,B,False,correctness_and_completeness,Coverage Adequacy,Does the response include the essential details or qualifiers needed for the answer to be usable without leaving major gaps?
5,531aeab6a696bfe3_6e14911868d90924,code,A,B,wrong_winner,23,no,yes,B,False,correctness_and_completeness,Coverage Adequacy,Does the response resolve the user's central question fully enough that no obvious follow-up is needed to obtain the basic requested information?
5,531aeab6a696bfe3_6e14911868d90924,code,A,B,wrong_winner,24,no,yes,B,False,correctness_and_completeness,Coverage Adequacy,"Does the response avoid leaving out important conditions, exceptions, or limitations that are central to the question?"
5,531aeab6a696bfe3_6e14911868d90924,code,A,B,wrong_winner,25,no,yes,B,False,correctness_and_completeness,Coverage Adequacy,Is the level of detail sufficient to make the answer usable rather than merely partial or skeletal?
5,531aeab6a696bfe3_6e14911868d90924,code,A,B,wrong_winner,26,no,yes,B,False,correctness_and_completeness,Coverage Adequacy,"When context provided by the user raises important relevant points, does the response address those points rather than ignoring them?"
5,531aeab6a696bfe3_6e14911868d90924,code,A,B,wrong_winner,35,no,yes,B,False,helpfulness_and_usefulness,Contextual Precision,"Does the response tailor its advice to the user's specific situation, constraints, or expertise level rather than providing a generic answer that could apply to anyone?"
5,531aeab6a696bfe3_6e14911868d90924,code,A,B,wrong_winner,36,no,yes,B,False,helpfulness_and_usefulness,Contextual Precision,Does the response incorporate details explicitly provided by the user to make its guidance more relevant to the user's stated goal or problem?
5,531aeab6a696bfe3_6e14911868d90924,code,A,B,wrong_winner,37,no,yes,B,False,helpfulness_and_usefulness,Contextual Precision,Does the response adjust its level of explanation or terminology to fit the user's apparent background or requested level of expertise?
5,531aeab6a696bfe3_6e14911868d90924,code,A,B,wrong_winner,38,no,yes,B,False,helpfulness_and_usefulness,Contextual Precision,Does the response avoid assumptions that conflict with information the user already provided?
5,531aeab6a696bfe3_6e14911868d90924,code,A,B,wrong_winner,39,no,yes,B,False,helpfulness_and_usefulness,Depth of Guidance,"Does the response go beyond stating what to do and explain why, providing reasoning, trade-offs, or context that helps the user make informed decisions?"
5,531aeab6a696bfe3_6e14911868d90924,code,A,B,wrong_winner,40,no,yes,B,False,helpfulness_and_usefulness,Depth of Guidance,Does the response include enough underlying reasoning to help the user adapt the advice to a similar but not identical situation?
5,531aeab6a696bfe3_6e14911868d90924,code,A,B,wrong_winner,41,no,yes,B,False,helpfulness_and_usefulness,Depth of Guidance,Does the response explain the consequences or implications of following the advice?
5,531aeab6a696bfe3_6e14911868d90924,code,A,B,wrong_winner,42,no,yes,B,False,helpfulness_and_usefulness,Depth of Guidance,Does the response describe relevant trade-offs or limitations of the suggested approach that would affect the user's decision-making?
5,531aeab6a696bfe3_6e14911868d90924,code,A,B,wrong_winner,43,no,yes,B,False,helpfulness_and_usefulness,Practical Usability,"Does the response give the user enough concrete information to act on the answer or understand the topic, rather than providing only vague or abstract guidance?"
5,531aeab6a696bfe3_6e14911868d90924,code,A,B,wrong_winner,44,no,yes,B,False,helpfulness_and_usefulness,Practical Usability,"Does the response include specific steps, methods, or procedures that the user could directly follow or apply?"
5,531aeab6a696bfe3_6e14911868d90924,code,A,B,wrong_winner,45,no,yes,B,False,helpfulness_and_usefulness,Practical Usability,"Does the response provide concrete details such as examples, parameters, or decision criteria that make the guidance usable rather than generic?"
5,531aeab6a696bfe3_6e14911868d90924,code,A,B,wrong_winner,46,no,yes,B,False,helpfulness_and_usefulness,Practical Usability,Does the response supply enough operational detail to help the user carry out the task or make an informed choice without substantial guesswork?
5,531aeab6a696bfe3_6e14911868d90924,code,A,B,wrong_winner,47,no,yes,B,False,helpfulness_and_usefulness,Practical Usability,"Does the response specify relevant tools, methods, inputs, or resources needed to apply the advice?"
5,531aeab6a696bfe3_6e14911868d90924,code,A,B,wrong_winner,48,no,yes,B,False,helpfulness_and_usefulness,Practical Usability,Does the response make the next step or takeaway clear enough that the user could reasonably act on it?
5,531aeab6a696bfe3_6e14911868d90924,code,A,B,wrong_winner,49,no,yes,B,False,helpfulness_and_usefulness,Relevance to User,"Does the response focus on what the user actually needs to know, rather than providing information that is related to the topic but not useful for their specific question?"
5,531aeab6a696bfe3_6e14911868d90924,code,A,B,wrong_winner,50,no,yes,B,False,helpfulness_and_usefulness,Relevance to User,Does the response prioritize information that directly addresses the user's stated goal or problem?
5,531aeab6a696bfe3_6e14911868d90924,code,A,B,wrong_winner,51,no,yes,B,False,helpfulness_and_usefulness,Relevance to User,Does the response avoid spending substantial space on background or side information that does not help answer the user's specific request?
5,531aeab6a696bfe3_6e14911868d90924,code,A,B,wrong_winner,52,no,yes,B,False,helpfulness_and_usefulness,Relevance to User,"Does the response address the main question or request the user asked, rather than shifting to a different issue?"
5,531aeab6a696bfe3_6e14911868d90924,code,A,B,wrong_winner,53,no,yes,B,False,helpfulness_and_usefulness,Relevance to User,Does the response avoid digressions into loosely related topics that do not help answer the user's question?
5,531aeab6a696bfe3_6e14911868d90924,code,A,B,wrong_winner,54,no,yes,B,False,relevance_instruction_following,Task Adherence,Does the response cover each explicit request or sub-task in the user's prompt rather than answering only part of it?
5,531aeab6a696bfe3_6e14911868d90924,code,A,B,wrong_winner,55,no,yes,B,False,relevance_instruction_following,Task Adherence,"Does the response perform the task the user actually asked for, producing the type of output requested rather than a different kind of answer?"
5,531aeab6a696bfe3_6e14911868d90924,code,A,B,wrong_winner,56,no,yes,B,False,relevance_instruction_following,Task Adherence,"Does the response deliver the specific artifact or action the user requested, for example an explanation, summary, translation, code snippet, or list, rather than substituting a different output format?"
5,531aeab6a696bfe3_6e14911868d90924,code,A,B,wrong_winner,57,no,yes,B,False,relevance_instruction_following,Task Adherence,"Does the response stay focused on completing the user's requested task instead of mainly offering adjacent commentary, background information, or advice?"
5,531aeab6a696bfe3_6e14911868d90924,code,A,B,wrong_winner,58,no,yes,B,False,relevance_instruction_following,Task Adherence,"Does the response avoid replacing the requested answer with only meta-commentary, refusal without basis, or unrelated advice?"
5,531aeab6a696bfe3_6e14911868d90924,code,A,B,wrong_winner,59,no,yes,B,False,relevance_instruction_following,Format and Constraint Compliance,"If the user specifies constraints on the requested output, does the response carry out the task within those constraints rather than answering in a more generic way?"
5,531aeab6a696bfe3_6e14911868d90924,code,A,B,wrong_winner,60,no,yes,B,False,relevance_instruction_following,Format and Constraint Compliance,Does the response follow the requested format or structure when one is explicitly specified?
5,531aeab6a696bfe3_6e14911868d90924,code,A,B,wrong_winner,62,no,yes,B,False,relevance_instruction_following,Source-Grounded Transformation,"If the user requested an action on given content, does the response actually transform or use that content as requested?"
5,531aeab6a696bfe3_6e14911868d90924,code,A,B,wrong_winner,63,no,yes,B,False,relevance_instruction_following,Source-Grounded Transformation,Does the response incorporate details explicitly provided by the user to make its guidance more relevant to the user's stated goal or problem?
6,84590c5a8a76ee42_42fe2b7d30c85162,general,B,A,wrong_winner,1,yes,no,A,False,clarity_and_communication,Coherence,"Can the response be read from start to finish without encountering statements that contradict each other, sections that seem out of place, or transitions that break the logical flow?"
6,84590c5a8a76ee42_42fe2b7d30c85162,general,B,A,wrong_winner,3,yes,na,A,False,clarity_and_communication,Explanation Sufficiency,Does the response present enough detail to be useful without overexplaining straightforward points?
6,84590c5a8a76ee42_42fe2b7d30c85162,general,B,A,wrong_winner,4,yes,na,A,False,clarity_and_communication,Information Efficiency,"Does the response convey its content without unnecessary repetition, filler, or tangential material that dilutes the useful information?"
6,84590c5a8a76ee42_42fe2b7d30c85162,general,B,A,wrong_winner,5,yes,na,A,False,clarity_and_communication,Information Efficiency,Does the response stay focused on the user's request rather than spending space on loosely related background or side points?
6,84590c5a8a76ee42_42fe2b7d30c85162,general,B,A,wrong_winner,6,yes,na,A,False,clarity_and_communication,Information Efficiency,Does the response minimize boilerplate phrasing or generic disclaimers that do not add meaningful value to the answer?
6,84590c5a8a76ee42_42fe2b7d30c85162,general,B,A,wrong_winner,9,yes,na,A,False,coding_communication_conditional,Code Accuracy,"If the response includes code, is the code internally consistent with the described approach and unlikely to fail because of mismatched variables, missing imports, or incompatible function calls?"
6,84590c5a8a76ee42_42fe2b7d30c85162,general,B,A,wrong_winner,10,yes,na,A,False,coding_communication_conditional,Code Accuracy,"For any included code, are the commands, syntax, and APIs used in a way that is valid for the stated programming language or environment?"
6,84590c5a8a76ee42_42fe2b7d30c85162,general,B,A,wrong_winner,11,yes,na,A,False,coding_communication_conditional,Code Accuracy,Does the code avoid obvious logical mistakes that would prevent it from performing the stated task?
6,84590c5a8a76ee42_42fe2b7d30c85162,general,B,A,wrong_winner,12,yes,na,A,False,coding_communication_conditional,Code Accuracy,"When code is provided, does it avoid placeholder or pseudo-code fragments that would prevent the user from running or applying it as written?"
6,84590c5a8a76ee42_42fe2b7d30c85162,general,B,A,wrong_winner,13,yes,na,A,False,coding_communication_conditional,Code Context Integration,"Does the response present the code as part of solving the user's specific request, rather than as a generic example that could apply to many unrelated tasks?"
6,84590c5a8a76ee42_42fe2b7d30c85162,general,B,A,wrong_winner,14,yes,na,A,False,coding_communication_conditional,Code Context Integration,Does the response connect the code to the surrounding explanation so the user can see what role the snippet plays in the overall solution?
6,84590c5a8a76ee42_42fe2b7d30c85162,general,B,A,wrong_winner,15,yes,no,A,False,coding_communication_conditional,Code Context Integration,"If assumptions are required, are they consistent with the user's described situation?"
6,84590c5a8a76ee42_42fe2b7d30c85162,general,B,A,wrong_winner,16,yes,no,A,False,coding_communication_conditional,Code Explainability,"Does the response clarify any non-obvious parts of the code, such as key functions, parameters, or control flow, so the user can follow the logic?"
6,84590c5a8a76ee42_42fe2b7d30c85162,general,B,A,wrong_winner,19,yes,na,A,False,coding_communication_conditional,Code Readability,Does the code use clear naming and consistent formatting so that its structure is easy to follow?
6,84590c5a8a76ee42_42fe2b7d30c85162,general,B,A,wrong_winner,20,yes,no,A,False,coding_communication_conditional,Code Readability,Is the code organized into logical blocks or units that are easy to follow?
6,84590c5a8a76ee42_42fe2b7d30c85162,general,B,A,wrong_winner,21,yes,no,A,False,correctness_and_completeness,Coverage Adequacy,Does the response address all the main aspects of the user's question without omitting key information that the user would need to consider the answer complete?
6,84590c5a8a76ee42_42fe2b7d30c85162,general,B,A,wrong_winner,22,yes,no,A,False,correctness_and_completeness,Coverage Adequacy,Does the response include the essential details or qualifiers needed for the answer to be usable without leaving major gaps?
6,84590c5a8a76ee42_42fe2b7d30c85162,general,B,A,wrong_winner,24,yes,na,A,False,correctness_and_completeness,Coverage Adequacy,"Does the response avoid leaving out important conditions, exceptions, or limitations that are central to the question?"
6,84590c5a8a76ee42_42fe2b7d30c85162,general,B,A,wrong_winner,26,yes,no,A,False,correctness_and_completeness,Coverage Adequacy,"When context provided by the user raises important relevant points, does the response address those points rather than ignoring them?"
6,84590c5a8a76ee42_42fe2b7d30c85162,general,B,A,wrong_winner,31,yes,na,A,False,correctness_and_completeness,Factual Accuracy,Does the response avoid overclaiming certainty on points that are actually unsupported or unknown?
6,84590c5a8a76ee42_42fe2b7d30c85162,general,B,A,wrong_winner,33,yes,na,A,False,correctness_and_completeness,Logical Consistency,Does the conclusion follow logically from the reasoning presented earlier in the response?
6,84590c5a8a76ee42_42fe2b7d30c85162,general,B,A,wrong_winner,36,yes,na,A,False,helpfulness_and_usefulness,Contextual Precision,Does the response incorporate details explicitly provided by the user to make its guidance more relevant to the user's stated goal or problem?
6,84590c5a8a76ee42_42fe2b7d30c85162,general,B,A,wrong_winner,37,yes,na,A,False,helpfulness_and_usefulness,Contextual Precision,Does the response adjust its level of explanation or terminology to fit the user's apparent background or requested level of expertise?
6,84590c5a8a76ee42_42fe2b7d30c85162,general,B,A,wrong_winner,38,yes,na,A,False,helpfulness_and_usefulness,Contextual Precision,Does the response avoid assumptions that conflict with information the user already provided?
6,84590c5a8a76ee42_42fe2b7d30c85162,general,B,A,wrong_winner,39,yes,na,A,False,helpfulness_and_usefulness,Depth of Guidance,"Does the response go beyond stating what to do and explain why, providing reasoning, trade-offs, or context that helps the user make informed decisions?"
6,84590c5a8a76ee42_42fe2b7d30c85162,general,B,A,wrong_winner,40,yes,na,A,False,helpfulness_and_usefulness,Depth of Guidance,Does the response include enough underlying reasoning to help the user adapt the advice to a similar but not identical situation?
6,84590c5a8a76ee42_42fe2b7d30c85162,general,B,A,wrong_winner,41,yes,na,A,False,helpfulness_and_usefulness,Depth of Guidance,Does the response explain the consequences or implications of following the advice?
6,84590c5a8a76ee42_42fe2b7d30c85162,general,B,A,wrong_winner,42,yes,na,A,False,helpfulness_and_usefulness,Depth of Guidance,Does the response describe relevant trade-offs or limitations of the suggested approach that would affect the user's decision-making?
6,84590c5a8a76ee42_42fe2b7d30c85162,general,B,A,wrong_winner,43,yes,na,A,False,helpfulness_and_usefulness,Practical Usability,"Does the response give the user enough concrete information to act on the answer or understand the topic, rather than providing only vague or abstract guidance?"
6,84590c5a8a76ee42_42fe2b7d30c85162,general,B,A,wrong_winner,44,yes,na,A,False,helpfulness_and_usefulness,Practical Usability,"Does the response include specific steps, methods, or procedures that the user could directly follow or apply?"
6,84590c5a8a76ee42_42fe2b7d30c85162,general,B,A,wrong_winner,45,yes,na,A,False,helpfulness_and_usefulness,Practical Usability,"Does the response provide concrete details such as examples, parameters, or decision criteria that make the guidance usable rather than generic?"
6,84590c5a8a76ee42_42fe2b7d30c85162,general,B,A,wrong_winner,46,yes,na,A,False,helpfulness_and_usefulness,Practical Usability,Does the response supply enough operational detail to help the user carry out the task or make an informed choice without substantial guesswork?
6,84590c5a8a76ee42_42fe2b7d30c85162,general,B,A,wrong_winner,51,yes,na,A,False,helpfulness_and_usefulness,Relevance to User,Does the response avoid spending substantial space on background or side information that does not help answer the user's specific request?
7,7d8118ced7dde8f7_259db9b98231d6d0,code,B,Tie,tie,1,yes,no,A,False,clarity_and_communication,Coherence,"Can the response be read from start to finish without encountering statements that contradict each other, sections that seem out of place, or transitions that break the logical flow?"
8,258653f9bb7820b9_ad291e5661a8e6c9,general,A,B,wrong_winner,1,no,yes,B,False,clarity_and_communication,Coherence,"Can the response be read from start to finish without encountering statements that contradict each other, sections that seem out of place, or transitions that break the logical flow?"
8,258653f9bb7820b9_ad291e5661a8e6c9,general,A,B,wrong_winner,2,no,yes,B,False,clarity_and_communication,Explanation Sufficiency,Does the response provide enough explanation for the user to act on the answer without leaving important points implicit?
8,258653f9bb7820b9_ad291e5661a8e6c9,general,A,B,wrong_winner,3,no,yes,B,False,clarity_and_communication,Explanation Sufficiency,Does the response present enough detail to be useful without overexplaining straightforward points?
8,258653f9bb7820b9_ad291e5661a8e6c9,general,A,B,wrong_winner,4,no,yes,B,False,clarity_and_communication,Information Efficiency,"Does the response convey its content without unnecessary repetition, filler, or tangential material that dilutes the useful information?"
8,258653f9bb7820b9_ad291e5661a8e6c9,general,A,B,wrong_winner,5,no,yes,B,False,clarity_and_communication,Information Efficiency,Does the response stay focused on the user's request rather than spending space on loosely related background or side points?
8,258653f9bb7820b9_ad291e5661a8e6c9,general,A,B,wrong_winner,6,no,yes,B,False,clarity_and_communication,Information Efficiency,Does the response minimize boilerplate phrasing or generic disclaimers that do not add meaningful value to the answer?
8,258653f9bb7820b9_ad291e5661a8e6c9,general,A,B,wrong_winner,7,no,yes,B,False,clarity_and_communication,Structural Effectiveness,"Are headings, labels, or other structural cues used effectively when they would improve navigation?"
8,258653f9bb7820b9_ad291e5661a8e6c9,general,A,B,wrong_winner,8,no,yes,B,False,clarity_and_communication,Structural Effectiveness,"Are distinct parts of the response separated in a way that makes different ideas, steps, or sections easy to distinguish and follow?"
8,258653f9bb7820b9_ad291e5661a8e6c9,general,A,B,wrong_winner,14,no,yes,B,False,coding_communication_conditional,Code Context Integration,Does the response connect the code to the surrounding explanation so the user can see what role the snippet plays in the overall solution?
8,258653f9bb7820b9_ad291e5661a8e6c9,general,A,B,wrong_winner,23,no,yes,B,False,correctness_and_completeness,Coverage Adequacy,Does the response resolve the user's central question fully enough that no obvious follow-up is needed to obtain the basic requested information?
8,258653f9bb7820b9_ad291e5661a8e6c9,general,A,B,wrong_winner,24,no,yes,B,False,correctness_and_completeness,Coverage Adequacy,"Does the response avoid leaving out important conditions, exceptions, or limitations that are central to the question?"
8,258653f9bb7820b9_ad291e5661a8e6c9,general,A,B,wrong_winner,25,no,yes,B,False,correctness_and_completeness,Coverage Adequacy,Is the level of detail sufficient to make the answer usable rather than merely partial or skeletal?
8,258653f9bb7820b9_ad291e5661a8e6c9,general,A,B,wrong_winner,26,no,yes,B,False,correctness_and_completeness,Coverage Adequacy,"When context provided by the user raises important relevant points, does the response address those points rather than ignoring them?"
8,258653f9bb7820b9_ad291e5661a8e6c9,general,A,B,wrong_winner,31,no,yes,B,False,correctness_and_completeness,Factual Accuracy,Does the response avoid overclaiming certainty on points that are actually unsupported or unknown?
8,258653f9bb7820b9_ad291e5661a8e6c9,general,A,B,wrong_winner,33,no,yes,B,False,correctness_and_completeness,Logical Consistency,Does the conclusion follow logically from the reasoning presented earlier in the response?
8,258653f9bb7820b9_ad291e5661a8e6c9,general,A,B,wrong_winner,37,no,yes,B,False,helpfulness_and_usefulness,Contextual Precision,Does the response adjust its level of explanation or terminology to fit the user's apparent background or requested level of expertise?
8,258653f9bb7820b9_ad291e5661a8e6c9,general,A,B,wrong_winner,38,no,yes,B,False,helpfulness_and_usefulness,Contextual Precision,Does the response avoid assumptions that conflict with information the user already provided?
8,258653f9bb7820b9_ad291e5661a8e6c9,general,A,B,wrong_winner,39,no,yes,B,False,helpfulness_and_usefulness,Depth of Guidance,"Does the response go beyond stating what to do and explain why, providing reasoning, trade-offs, or context that helps the user make informed decisions?"
8,258653f9bb7820b9_ad291e5661a8e6c9,general,A,B,wrong_winner,40,no,yes,B,False,helpfulness_and_usefulness,Depth of Guidance,Does the response include enough underlying reasoning to help the user adapt the advice to a similar but not identical situation?
8,258653f9bb7820b9_ad291e5661a8e6c9,general,A,B,wrong_winner,41,no,yes,B,False,helpfulness_and_usefulness,Depth of Guidance,Does the response explain the consequences or implications of following the advice?
8,258653f9bb7820b9_ad291e5661a8e6c9,general,A,B,wrong_winner,43,no,yes,B,False,helpfulness_and_usefulness,Practical Usability,"Does the response give the user enough concrete information to act on the answer or understand the topic, rather than providing only vague or abstract guidance?"
8,258653f9bb7820b9_ad291e5661a8e6c9,general,A,B,wrong_winner,44,no,yes,B,False,helpfulness_and_usefulness,Practical Usability,"Does the response include specific steps, methods, or procedures that the user could directly follow or apply?"
8,258653f9bb7820b9_ad291e5661a8e6c9,general,A,B,wrong_winner,45,no,yes,B,False,helpfulness_and_usefulness,Practical Usability,"Does the response provide concrete details such as examples, parameters, or decision criteria that make the guidance usable rather than generic?"
8,258653f9bb7820b9_ad291e5661a8e6c9,general,A,B,wrong_winner,51,no,yes,B,False,helpfulness_and_usefulness,Relevance to User,Does the response avoid spending substantial space on background or side information that does not help answer the user's specific request?
