row_idx,sample_id,domain,winner,predicted_winner,error_category,score_a,score_b,margin,expected_n_questions,parsed_a_n,parsed_b_n,parsed_a_maxq,parsed_b_maxq,diff_count,diff_qids,human_reasoning,feedback1,feedback2
0,35b1aab7c05abece_219db1a6e5e75588,general,B,Tie,tie,0.023809523809523808,0.0,0.0196078431372549,51,51,51,51,51,1,1,"@Response 2 is better than @Response 1. It provides a more detailed and accurate summary of the changing scene, including the key comedic elements and specific details that make the scene memorable, which @Response 1 misses. | @Response 2 is much better than @Response 1, because it provided correct information, which is accurate to the user's prompt.","The response is mostly helpful. It adequately describes the general events of the shopping mall scene, including the brothers' interactions with teenage girls and the confrontation with the intimidating men. However, it misses some crucial details that contribute to the scene's comedic impact, such as the brothers' struggles with their high heels, their awkward attempts to fit in with the ""white girl"" persona, and the specific lines and actions that make the scene funny. Including these details would have made the response more engaging and helpful in capturing the essence of the scene. | The response is not helpful. The response is not useful to the user's prompt because it provides incorrect information about the scene of White checks. The scene was about buying clothes with their friends and changing into outfits, which proved challenging because of their identities. They tried to make this scene work without revealing their own identity.","The response is perfectly helpful. It provides a comprehensive and engaging summary of the changing scene. It includes key details like the brothers' encounter with the snobbish saleswoman, their struggles to fit into women's clothing, and the chaotic chase with the real Brittany and Tori. The response effectively captures the humor and absurdity of the situation, highlighting the brothers' challenges in maintaining their undercover identities. Overall, it is a well-written and informative response that accurately reflects the comedic essence of the scene. | The response is perfectly helpful. The response answers the user's prompt accurately. The response is clear, coherent and concise. The response gives the right story about the scenario. The response did not contain any technical or unnecessary information. The response is correct and it is easy to understand. The response was extremely useful and helpful."
1,d4a7145ccb33a856_62ea14dc8ae045b1,general,B,Tie,tie,0.0196078431372549,0.0,0.0196078431372549,51,51,51,51,51,1,1,"@Response 2 is better than @Response 1. @Response 2 is better than @Response 1 because it doesn't struggle with accuracy. | @Response 2 is slightly better than @Response 1. @Response 2 contains more connections between historical, geographical, and archeological events for myths and legends than @Response 1 does. | @Response 2 is much better than @Response 1. The reason is the information, clarity, length, evidences, and proof of the event. The language is very easy and information is upto mark and easy to understand. In @Response 1 the information is a bit less.","The response is partially helpful. The response somewhat adheres to the prompt. The response provides historical events that most likely did happen with archaeological evidence. However, it also provides actual events for numbers 4,5, and 6.The response is successful in terms of coherence. The response needs to replace numbers 4,5, and 6 to improve its overall quality. | The response is partially helpful. The response provides a few examples of some historical events that are largely supported by myths, legends, and other ways of passing down knowledge. However, the prompt specifically requested that the response include examples that also have archeological evidence as well. The response fails to provide that. Additionally, the response denotes The Conquest of the Americas as a historical event with little archeological evidence, and largely being passed down by myths. This is false. There is both archeological evidence and other forms of evidence to prove that this event did in fact ","The response is perfectly helpful. The response perfectly adheres to the prompt. The response provides a long list of myths that may or may not be true as the prompt asked. The response is successful in terms of coherence, correctness, and completeness. The response cannot be meaningfully improved beyond its current quality for the user. | The response is mostly helpful. The response does generate examples of myths and legends that are discussed throughout history that are not entirely backed by archeological evidence. However, the response does contain some repetitions. Specifically, the response does state various actions and events that were all present during the Trojan War, such as The Trojan Horse and The Sack of Troy, which could have all been folded under the Trojan War vs being called out as their own events. Overall, the response does do a good job at finding potential links archeologically or geographically to these myths and legends. | The response is perfectly helpful. For"
2,8a3a617f6e0858c4_42879c00f85043d6,general,A,B,wrong_winner,0.0,0.6326530612244898,-0.6078431372549019,51,51,51,51,51,33,"1,3,4,5,6,8,12,13,14,15,16,17,18,19,20,21,24,25,26,31,33,36,37,38,39,40,41,42,43,44,45,50,51","@Response 1 is much better than @Response 2. The prompt asked for the waterslide and 18-hole miniature golf to be discussed first. However, @Response 2 only described these two facilities while omitting the content of the previous response altogether, which is not acceptable for a rewrite task. @Response 1, in contrast, followed the prompt instructions exactly, discussing the two facilities first while keeping the rest of the content from the previous response intact. | @Response 1 is better than @Response 2. @Response 1 followed all the instructions in the prompt (add a segment about the waterslide and miniature golf course to the original response). However, the organization and formatting could be improved. @Response 2 failed to follow instructions by leaving out the original description. | @Response 1 is better than @Response 2. @Response 2 incorrectly addresses the prompt and misunderstands its requirements.","The response is perfectly helpful. It followed the prompt instructions to discuss the waterslide and 18-hole miniature golf first. It also kept the rest of the content intact, exactly the same as the previous response, which is expected in a rewrite. The response contains no irrelevant content or unnecessary changes. | The response is mostly helpful. The prompt asks for the waterslide and miniature golf to be mentioned first. The response attempts to satisfy the prompt but does so in a way that could be improved. For example, the description starts with ""Get ready for a splash-tastic adventure"" and then mentions the miniature golf course in the following sentence. It would flow better if the response discussed the waterslide next and then transitioned into talking about the miniature golf course. | The response is mostly helpful. It does correctly address the prompt by talking about the miniature golf and waterslide first, but by doing this it misses out key information about the water","The response is slightly helpful. The prompt asked for the waterslide and 18-hole miniature golf to be discussed first, but the response only described these two facilities. The content of the previous response is omitted altogether. This is not acceptable for a rewrite and diminishes the helpfulness of the response. | The response is slightly helpful. The prompt asks the response to talk about the waterslide and miniature golf course first, and the response follows this instruction. However, it fails to include the rest of the description from the previous response, which is an implied request from the prompt. Therefore, while the first two paragraphs are helpful, failing to include the rest of the description means that the response has failed to fully satisfy the prompt's request. | The response is slightly helpful. The response does talk about the waterslide and 18 hole miniature golf, but it misses the request of the prompt. The prompt is requesting for the same description to be "
3,3c0c5c0e7a75acf7_99cf64ff453a8994,code,A,B,wrong_winner,0.0,0.7796610169491526,-0.7301587301587301,63,63,63,63,63,50,"1,2,3,4,5,6,7,8,10,13,14,15,17,18,19,20,21,22,23,25,26,27,28,29,30,31,32,33,34,37,38,43,44,45,46,47,48,49,50,51,52,53,54,55,56,57,59,60,61,62","@Response 1 is slightly better than @Response 2. The @Response 1 is better represented well and good format on the other hand @Response 2 made a lot of issues. | @Response 1 is much better than @Response 2 because it provides a more thorough explanation, with clear context, steps, and code, making it easier to implement. @Response 2 is less detailed, missing necessary context and explanation, which might confuse the user about how to apply the solution. | @Response 1 is slightly better than @Response 2. It offers a clearer, more straightforward guide, includes multiple solutions (script and formula), and is more accessible for users without deep technical knowledge of Google Sheets.","The response is mostly helpful. The response demonstrates a solid understanding of the task but falls short in addressing potential time zone mismatches and date formatting nuances, impacting completeness, while explanations are clear and structured, slight repetition and the absence of concise comments in the code reduce clarity this factor was the base for the rating. | The response is perfectly helpful. It provides a well-rounded and comprehensive answer to the user's question, offering both a manual method using formulas and an automated method through Google Apps Script. The inclusion of relevant code snippets for each approach ensures that users can follow the solution with ease. However, while it provides a good explanation, it could be even more helpful with more context about how each method works and potential troubleshooting steps for common issues. Additionally, the response could have clarified the integration of both methods in a complete workflow. | The response is perfe","The response is partially helpful. the response explains the steps well but contains a critical issue in the script's loop condition(= instead of<= ), impacting functionality. it assumes dates are in the first row without clarifying this, limiting completeness. while instructions are clear and source sites, minor redundancy reduces conciseness. | The response is slightly helpful. It introduces a dynamic approach with formulas but lacks the essential Google Apps Script solution, which is critical to the user's question. While the provided formula can be helpful for basic hyperlinking, the absence of any mention of automation via Google Apps Script makes this answer incomplete. Moreover, the explanation of the formula is minimal, leaving it up to the reader to figure out the details. Thus, this response is not fully useful for solving the problem as intended. | The response is perfectly helpful. It is very helpful. It offers a complete solution with clear instructions, an example script,"
4,13fdd4041759f505_7c69eab8d97a004b,code,A,B,wrong_winner,0.0,0.7301587301587301,-0.7301587301587301,63,63,63,63,63,46,"1,2,3,4,5,6,8,13,14,15,16,17,18,19,20,21,22,23,25,26,35,36,37,38,39,40,41,42,43,44,45,46,47,48,49,50,51,52,53,54,55,56,57,58,62,63","@Response 1 is slightly better than @Response 2. Both the responses have areas for improvement and both have some inaccuracies but @Response 1 provides a more detailed and structured approach overll than @Response 2. | @Response 1 is better than @Response 2. Because it use correct methods. Whereas @Response 2 include deprecated methods. | @Response 1 is better than @Response 2. While @Response 1 contains some inaccuracies and redundant information, it provides a clearer implementation plan and includes code that aligns better with the task requirements.","The response is partially helpful. The response outlines necessary changes to chrome extension but it includes incorrect details about using 'webkit.messageBox.confirm', which doen't apply to chrome extensions. This detracts from the overall usefulness of the response, as it might lead the user to implement a non-funcitonal feature. Thoudh the response provides a decent overview of how to modify the extension. | The response is mostly helpful. It give clear explanation for modifying the chrome extension. But need to breaking down the changes in the code snippet with explanation so that users can understand complex things. Add comments as well. Add bullets list for clear and neat readability. Response is looking somewhat verbose. | The response is partially helpful. The response provides a solution but includes outdated methods and unnecessary confirmation dialog logic. While helpful, some details are irrelevant, and accuracy issues weaken it. Minor issues like the use of webkit.message","The response is partially helpful. The response outlines a method to open a new tab in chrome extension which is helpful. However it incorrectly suggests using 'browser_action', which is outdated in the context of Manifest V3. The explanation of the 'background.js' file is useful but could be clearer. Overall the inaccuracies in the response limits its effectiveness. | The response is slightly helpful. The response is somewhat helpful but response is looking incomplete and outdated. The response is using deprecated methods and properties that would not work manifest v3 extension. Add comments to code so that users could understand. Add bullets for readability. replace deprecated methods with current ones. | The response is slightly helpful. The response misuses outdated browser_action and omits key coding explanations. Although the intent is helpful, misleading technical guidance makes it less usable. Lacks coherence in technical explanations, introduces deprecated properties and awkwa"
5,531aeab6a696bfe3_6e14911868d90924,code,A,B,wrong_winner,0.0,0.8032786885245902,-0.7698412698412699,63,63,63,63,63,49,"1,2,3,4,5,6,8,13,14,15,16,17,18,19,20,21,22,23,24,25,26,35,36,37,38,39,40,41,42,43,44,45,46,47,48,49,50,51,52,53,54,55,56,57,58,59,60,62,63","@Response 1 is better than @Response 2 because it presents a code snippet with two coding mistakes, while @Response 2 hallucinates the second mistake, mentioning a missing parenthesis that isn't missing. This makes @Response 1 more aligned with the prompt. | @Response 1 is better than @Response 2 because it correctly identifies both coding errors without introducing a false mistake, while @Response 2 incorrectly mentions a non-existent missing parenthesis. This makes @Response 1 more reliable and aligned with the prompt's requirements. | @Response 1 is much better than @Response 2 since it directly aligns with the prompts by providing a script with coding errors for the students to identify, thus fostering an educational exercise in problem-solving.","The response is mostly helpful. It correctly introduces two errors in the code. There's a missing quotation mark to end the string in the print statement, and a missing comma right after that to pass the area parameter. However, these two errors are very interwoven and the model could have picked more varied errors, like using a variable before defining it, or a type error. While there are two mistakes, the model could have explained them better and made them clear for the exam to be passed on to the student. The LaTeX usage is fine, but the block itself could have been formatted without the surrounding LaTeX, just for clarity. | The response is mostly helpful. It correctly introduces two errors in the code: a missing closing quotation mark in the `print` statement and a typo in the ""area"" variable reference. However, it misses explaining the second error explicitly (the missing closing quotation mark). While the code contains two mistakes, the explanation could have been clearer about","The response is partially helpful because it contains one code error (the capitalization of ""Area"", making it an invalid variable), but the second error doesn't actually exist (a missing parenthesis after the print statement). Since the script is actually correct in the parenthesis criteria, the model is hallucinating and this explanation is incorrect. There's an implicit contradiction because the model claims that there are two errors and cites them specifically, but only one error is actually present. | The response is partially helpful. It highlights one valid coding error (the capitalization of ""Area""), but the second supposed error (a missing parenthesis) does not actually exist. Since the script is syntactically correct in terms of parentheses, this part of the explanation is incorrect, making the responses partially misleading. There is an implicit contradiction because the response claims there are two coding errors, but only one valid error is present. | The response is partia"
6,84590c5a8a76ee42_42fe2b7d30c85162,general,B,A,wrong_winner,1.0,0.0,0.39215686274509803,51,51,51,51,51,33,"1,3,4,5,6,9,10,11,12,13,14,15,16,19,20,21,22,24,26,31,33,36,37,38,39,40,41,42,43,44,45,46,51","@Response 2 is better than @Response 1 because it fulfills the prompt request. While both responses have some information that is different from the previous post, there are many more inconsistencies in @Response 1.","The response is not helpful. It continues the story as requested, but many of the facts are incorrect. The names of the title characters are different in the prompt than in the original response. This is not addressed in the response as it should have been. The name in the response of one of the title characters, Jamie is different from the previous response, Ethan/Emily. The prompt asks for Jenna to help Jamie, a straight girl, to discover her new attraction to boys. The response is about Amelia helping her male friend, Jamie to explore his new attraction to boys.","The response is partially helpful. It does answer the prompt completely by providing a story about how a student named Jenna helped Jamie discover her attraction to boys as a straight girl. However, there are a couple of inconsistencies from the previous response that are not addressed in the response. The name of the main character, Jamie, was changed from Ethan/Emily and it describes Jamie as always identifying as a gay boy. However, the previous response describes Ethan as always being in love with his best friend Amelia."
7,7d8118ced7dde8f7_259db9b98231d6d0,code,B,Tie,tie,0.015873015873015872,0.0,0.015873015873015872,63,63,63,63,63,1,1,"@Response 2 is better than @Response 1 because it provides clearer guidance with well-structured examples for configuring retries, dead-letter queues, and error channels in Spring Cloud Stream. Its approach is more practical and adaptable for real-world scenarios. | @Response 2 is much better than @Response 1 since it is a correct guide and @Response 1 depends greatly on hallucinated libraries. | @Response 2 is better than @Response 1 because it provides more standard spring cloud stream practices, and uses serviceActivator annotation, which is more idiomatic.","The response is slightly helpful. This is because it provides a structured explanation for routing failed messages to retry or dead-letter topics using a custom error handler in Spring Cloud Stream. It also outlines the YAML configuration and includes Java code snippets. However, it relies on deprecated annotations like 'StreamListener'. which is no longer recommended. Additionally, it lacks clarity on integrating with the newer functional programming model, limiting its practical relevance. | The response is not helpful. It depends on completely hallucinated class imports that do not exist within the Spring framework. Even if there are adjacent libraries that achieve what this code would do with a simple import fix, there are at least five class imports that do not exist and their functionalities are made up. | The response is partially helpful. The model's answer provides a correct and comprehensive approach to routing failed messages based on the failure type. The response covers al","The response is mostly helpful. This is because it provides a detailed and structured explanation for configuring retries, dead-letter queues, and error channels in Spring Cloud Stream. It includes clear YAML and Java code examples, making the implementation process understandable. However, it inaccurately represents some concepts, such as treating 'ErrorChannel' as an object, and assumes prior knowledge, which may limit its accessibility. | The response is mostly helpful. It is a comprehensive approach handling different failure types and uses Spring Cloud Stream features correctly. However, it is missing the required import statements for the code to work. It attempts to use markdown lists, but all the list items are numbered ""1"" instead of continuing sequentially. The explanation could also have been a little bit more concise. | The response is perfectly helpful. The model's answer provides a comprehensive and standard approach for routing failed messages in the Spring Cloud Stream."
8,258653f9bb7820b9_ad291e5661a8e6c9,general,A,B,wrong_winner,0.0,0.47058823529411764,-0.47058823529411764,51,51,51,51,51,24,"1,2,3,4,5,6,7,8,14,23,24,25,26,31,33,37,38,39,40,41,43,44,45,51","@Response 1 is much better than @Response 2 because it actually goes into detail about the components of the magic dueling as requested. @Response 2 only repeats the qualifications provided by the user but it does not go into further detail, as requested. | @Response 1 is better than @Response 2. Both responses accurately list rules of the game and provide details on the stats and spells involved. However, @Response 1 includes a round-by-round analysis and final score. @Response 2 produces a clear overview of the game but requires more detail. | @Response 1 is much better than @Response 2 because it actually goes into detail about the components of the magic dueling as requested. @Response 2 only repeats the qualifications provided by the user but it does not go into further detail, as requested.","The response is partially helpful because the correctness was not to standard as the user asked for the childishness to increase super-exponentially after every turn but it was only increasing linearly. Additionally, the syntax at the end was misconfigured and included two special characters that shouldn't be included in the score. | The response is mostly helpful. It accurately lists out the stats, spell lists age tracker, points tracker for both characters. It then proceeds to use the information to create five rounds of the duel, detailing spells cast, points earned and changes to the stats. It also includes the final score for both characters. The response is mostly correct aside from producing an incorrect final score for Sapphire which should be 320 and not 32. Also the response could include more detail explaining the spell modifier function to help the user better understand how it processed the calculations. | The response is partially helpful because the correctness was not t","The response is slightly helpful because the user would probably not be satisfied with the level of detail in this response. The user clearly asked for a complex super-exponential modifier that would decrease the user's maturity and the user's stats and increase Lily's stats. There is no mention of this modifier, only the spell itself that triggers the modifier. | The response is partially helpful. It accurately lists the stats, the spells, and their required stats, and gives an outline of the rules for the duel. It includes how many rounds, what deductions would be made, and explains the effects of the spell cast on Sapphire that affect her childishness and therefore performance. The response does not include the calculations for the spell modifier and the childish meter to help the user better understand how these are calculated. It also does not include the 5-round turns of the duel, with details of how each player's points are calculated in each category. It also does not produce a"
